vanna_t,vanna_u
jx2018pa_t,jx2018pa_u
hojack_t,hojack_u
chef25_t,chef25_u
netsprof_t,netsprof_u
yeng_t,yeng_u
val_t,val_u
cindy_t,cindy_u
kaily_t,kaily_u
zanna_t,zanna_u
isaac_t,isaac_u
