vanna_t,vanna_t
jx2018pa_t,jx2018pa_t
hojack_t,hojack_t
chef25_t,chef25_t
netsprof_t,netsprof_t
yeng_t,yeng_t
val_t,val_t
cindy_t,cindy_t
kaily_t,kaily_t
zanna_t,zanna_t
isaac_t,isaac_t
